"Jared","Ely","jared.ely@gmail.cz"
"Mary","Smith","mary.smith@gmail.cz"
"Patricia","Johnson","patricia.johnson@gmail.cz"
"Linda","Williams","linda.williams@gmail.cz"
"Barbara","Jones","barbara.jones@gmail.cz"
"Elizabeth","Brown","elizabeth.brown@gmail.cz"
"Jennifer","Davis","jennifer.davis@gmail.cz"
"Maria","Miller","maria.miller@gmail.cz"
"Susan","Wilson","susan.wilson@gmail.cz"
"Margaret","Moore","margaret.moore@gmail.cz"
"Dorothy","Taylor","dorothy.taylor@gmail.cz"
"Lisa","Anderson","lisa.anderson@gmail.cz"
"Nancy","Thomas","nancy.thomas@gmail.cz"
"Karen","Jackson","karen.jackson@gmail.cz"
"Betty","White","betty.white@gmail.cz"
"Helen","Harris","helen.harris@gmail.cz"
"Sandra","Martin","sandra.martin@gmail.cz"
"Donna","Thompson","donna.thompson@gmail.cz"
"Carol","Garcia","carol.garcia@gmail.cz"
"Ruth","Martinez","ruth.martinez@gmail.cz"
